{"cameraMode":{"drawMode":0,"name":"Shaded","section":"Shading Mode"},"sceneLighting":true,"audioPlay":false,"sceneViewState":{"m_AlwaysRefresh":false,"showFog":false,"showSkybox":false,"showFlares":false,"showImageEffects":false,"showParticleSystems":false,"showVisualEffectGraphs":true,"m_FxEnabled":true},"in2DMode":false,"pivot":{"x":-1.1421260833740235,"y":1.6978963613510132,"z":-0.8378541469573975},"rotation":{"x":0.15538640320301057,"y":0.0607430525124073,"z":-0.009734542109072209,"w":0.9860521554946899},"size":1.514057993888855,"orthographic":false}