{"cameraMode":{"drawMode":0,"name":"Shaded","section":"Shading Mode"},"sceneLighting":true,"audioPlay":false,"sceneViewState":{"m_AlwaysRefresh":false,"showFog":false,"showSkybox":false,"showFlares":false,"showImageEffects":false,"showParticleSystems":false,"showVisualEffectGraphs":true,"m_FxEnabled":true},"in2DMode":false,"pivot":{"x":83.07970428466797,"y":7.435976982116699,"z":0.6950538754463196},"rotation":{"x":-0.3581879734992981,"y":0.008062455803155899,"z":-0.0031521713826805355,"w":-0.9337001442909241},"size":12.12435531616211,"orthographic":false}