{"cameraMode":{"drawMode":0,"name":"Shaded","section":"Shading Mode"},"sceneLighting":true,"audioPlay":false,"sceneViewState":{"m_AlwaysRefresh":false,"showFog":false,"showSkybox":false,"showFlares":false,"showImageEffects":false,"showParticleSystems":false,"showVisualEffectGraphs":true,"m_FxEnabled":true},"in2DMode":false,"pivot":{"x":1.2727739810943604,"y":-7.6362738609313969,"z":10.058176040649414},"rotation":{"x":0.3511035144329071,"y":0.02085227705538273,"z":-0.007769855670630932,"w":0.9361631870269775},"size":12.12435531616211,"orthographic":false}