{"cameraMode":{"drawMode":0,"name":"Shaded","section":"Shading Mode"},"sceneLighting":false,"audioPlay":false,"sceneViewState":{"m_AlwaysRefresh":false,"showFog":true,"showSkybox":false,"showFlares":true,"showImageEffects":true,"showParticleSystems":true,"showVisualEffectGraphs":true,"m_FxEnabled":true},"in2DMode":false,"pivot":{"x":1.4703199863433838,"y":2.8990564346313478,"z":-6.225922584533691},"rotation":{"x":-0.32716572284698489,"y":0.007652509491890669,"z":-0.0026482047978788616,"w":-0.9449452757835388},"size":1.0770397186279297,"orthographic":false}